,OLSR,SARIMAX
MAE,7.590710849154522,6.789036360741908
MSE,85.25989187426029,75.2626191064094
MAPE,0.28027264243387195,0.17317752398333813
R2,0.4807832363044161,0.32197315135918125
