,OLSR,SARIMAX
MAE,6.550137403047328,6.121554561224108
MSE,59.372213217628,69.67710417825494
MAPE,0.5325915591854088,1.3112126390413756
R2,0.07415199666683214,0.3141979172786785
