,OLSR,SARIMAX
MAE,15.411247450788123,2.0876207432495937
MSE,333.3558780015008,11.967869886764996
MAPE,0.2694423965371174,0.16528646078549136
R2,-0.6516393889886858,0.929102025818745
