,OLSR,SARIMAX
MAE,10.270827322971188,7.494876253329037
MSE,140.65900170105337,90.39161385655979
MAPE,0.25998533369701265,0.18456444995291182
R2,0.30347714705261275,0.6229562278844065
