,OLSR,SARIMAX
MAE,15.979332382297917,5.022474900356339
MSE,353.2551431575379,33.85169403659452
MAPE,0.27706807152740104,0.2409926956786791
R2,-1.1558605772014743,0.771671651650176
